{
    "title": "vanDerPol",
    "data arrays": {
        "poincare_in": [-0.050000000000000003,-0.049000000000000002,-0.048000000000000001,-0.047,-0.045999999999999999,-0.045000000000000005,-0.044000000000000004,-0.043000000000000003,-0.042000000000000003,-0.041000000000000002,-0.040000000000000001,-0.039,-0.037999999999999999,-0.037000000000000005,-0.036000000000000004,-0.035000000000000003,-0.034000000000000002,-0.033000000000000002,-0.032000000000000001,-0.031,-0.030000000000000002,-0.029000000000000001,-0.028000000000000001,-0.027,-0.025999999999999999,-0.025000000000000001,-0.024,-0.023,-0.021999999999999999,-0.020999999999999998,-0.020000000000000004,-0.019000000000000003,-0.018000000000000002,-0.017000000000000001,-0.016,-0.014999999999999999,-0.013999999999999999,-0.012999999999999998,-0.011999999999999997,-0.010999999999999996,-0.010000000000000002,-0.0089999999999999941,-0.0080000000000000002,-0.0070000000000000062,-0.0059999999999999984,-0.0050000000000000044,-0.0039999999999999966,-0.0030000000000000027,-0.0019999999999999948,-0.0010000000000000009,0,0.0010000000000000009,0.0020000000000000018,0.0030000000000000027,0.0040000000000000036,0.0049999999999999975,0.0060000000000000053,0.0069999999999999993,0.0080000000000000071,0.0090000000000000011,0.009999999999999995,0.011000000000000003,0.011999999999999997,0.012999999999999998,0.013999999999999999,0.014999999999999999,0.016,0.017000000000000001,0.018000000000000002,0.019000000000000003,0.020000000000000004,0.021000000000000005,0.022000000000000006,0.023000000000000007,0.024000000000000007,0.024999999999999994,0.026000000000000009,0.026999999999999996,0.028000000000000011,0.028999999999999998,0.029999999999999999,0.031,0.032000000000000015,0.033000000000000002,0.034000000000000002,0.035000000000000003,0.03599999999999999,0.037000000000000005,0.038000000000000006,0.039000000000000007,0.039999999999999994,0.040999999999999995,0.04200000000000001,0.04300000000000001,0.043999999999999997,0.044999999999999998,0.046000000000000013,0.047000000000000014,0.048000000000000001,0.049000000000000002],
        "poincare_out0": [-0.027139232425999318,-0.027015628345316626,-0.026748593928259224,-0.026609339756574604,-0.026339523528907408,-0.026184031098554519,-0.026032866825650418,-0.025736031774366241,-0.025567896633713841,-0.025261666412311593,-0.025075956629768061,-0.024757273658277065,-0.024553386707894354,-0.024219226196065737,-0.023996564862511019,-0.023643951882696173,-0.023401928564321044,-0.023027955853328643,-0.022765997072330207,-0.022367843417824607,-0.022085394496733923,-0.021660343538991253,-0.02123023332685944,-0.020902332652453059,-0.020440580010119624,-0.019969647643997664,-0.019595137633937207,-0.019088308107126115,-0.018568579530939763,-0.018146598704360431,-0.017587313866963425,-0.017011893710729187,-0.016418861104086968,-0.015806845559972141,-0.015287225545601099,-0.014630440721613158,-0.013952529067965154,-0.013252518872346509,-0.012529568821318884,-0.011782972636957529,-0.010901277950653539,-0.010102799297803326,-0.0092787313939664308,-0.0084290551668815359,-0.0074420279354902637,-0.006429884005742674,-0.005491740110384195,-0.0044191041453425532,-0.0032122214677807494,-0.0019743827973619115,-0.00039997973047351172,0,0,0,0,0,0,0,0,0,0,0,0,0,0,0,0,0,0,0,0,0,0,0,0,0,0,0,0,0,0,0,0,0,0,0,0,0,0,0,0,0,0,0,0,0,0,0,0,0],
        "poincare_out1": [-0.033339075822070761,-0.033121495498098501,-0.032773036132903895,-0.032536817254436953,-0.032174092337725363,-0.031918695691552645,-0.031539103711568831,-0.031264003551329307,-0.030865000399196388,-0.030569688605380212,-0.030148803975909303,-0.029832794326924796,-0.029387648405957791,-0.029050480915575043,-0.028578801191271392,-0.028220046462871021,-0.027719684482965166,-0.027213255512850202,-0.026807895911520888,-0.026269076947876505,-0.025841228879596452,-0.025268296412844386,-0.024684482497411148,-0.024088316094273605,-0.023588313560624678,-0.022953956628858539,-0.022304763211666492,-0.021639551136458161,-0.021068112147156186,-0.02036199555374766,-0.019638132235307051,-0.018895681788781604,-0.018133914224700055,-0.017352214017016539,-0.016550083765431326,-0.015727147447084026,-0.014883153238492059,-0.014017975892940945,-0.013131618663142825,-0.012224214763797639,-0.011296028373635962,-0.010238425785277755,-0.0092663863400357666,-0.008169218774544634,-0.0071552942990682654,-0.0060176585585224639,-0.0048617571216846133,-0.0036886772446186786,-0.0023990709442887619,0,0,0,0,0,0,0,0,0,0,0,0,0,0,0,0,0,0,0,0,0,0,0,0,0,0,0,0,0,0,0,0,0,0,0,0,0,0,0,0,0,0,0,0,0,0,0,0,0,0,0],
        "poincare_out2": [-0.039435413619628365,-0.038983252431956598,-0.038639229105571403,-0.038163280600895709,-0.037797838687537937,-0.037296189902508138,-0.036908960127764304,-0.036379811177373919,-0.035845969698124112,-0.035412140427620184,-0.034847687635984746,-0.034391356573125233,-0.033794871946829654,-0.033189560226633621,-0.032686066430183285,-0.032046346183776712,-0.031395456664358237,-0.03084497203333245,-0.030157848772985114,-0.029457621981459167,-0.02874331597548474,-0.02812301794255322,-0.027370759148069225,-0.02660314226972112,-0.025819480317862804,-0.025132219814531058,-0.024310254064023828,-0.02347169557546866,-0.022616178261945612,-0.021743436547189868,-0.020853307746011518,-0.019945734108775641,-0.019020764524705615,-0.018078555881956282,-0.017119374085655007,-0.016143594738365137,-0.015151703490647784,-0.014144296072542674,-0.01301481360435279,-0.011976734161555508,-0.010925687585403071,-0.0097574652549676563,-0.0085799622460744126,-0.007493950570425084,-0.006299200745271509,0,0,0,0,0,0,0,0,0,0,0,0,0,0,0,0,0,0,0,0,0,0,0,0,0,0,0,0,0,0,0,0,0,0,0,0,0,0,0,0,0,0,0,0,0,0,0,0,0,0,0,0,0,0,0],
        "poincare_out3": [-0.044762359645067418,-0.044159655839312514,-0.043549741200691924,-0.043043802734405751,-0.042401379143877198,-0.041749713305146381,-0.041197014131135169,-0.040511292332293433,-0.039814611119697266,-0.039215724177187772,-0.038483949001817182,-0.037739854352249434,-0.037095730636421992,-0.036316055739605425,-0.035523093936189881,-0.034716260404771805,-0.034006621174910261,-0.033164341248991924,-0.032307821387752525,-0.031436732464988605,-0.030550824337399776,-0.029760876816805233,-0.028841407301382856,-0.027907583046178616,-0.026959432522496097,-0.025997069682469183,-0.025020695198930465,-0.024030597463812184,-0.023027153349545533,-0.022010828739819764,-0.020982178837894386,-0.019941848262419747,-0.018890570942382511,-0.01782916982434871,-0.016655336727352511,-0.015575833955446842,-0.014489398208339208,-0.013397281022940294,-0.012199436112836914,0,0,0,0,0,0,0,0,0,0,0,0,0,0,0,0,0,0,0,0,0,0,0,0,0,0,0,0,0,0,0,0,0,0,0,0,0,0,0,0,0,0,0,0,0,0,0,0,0,0,0,0,0,0,0,0,0,0,0,0,0],
        "poincare_out4": [-0.048581745801986237,-0.047815897126811717,-0.047148784702601948,-0.046348493325376494,-0.045535769053066839,-0.044710179975650077,-0.043979074124391844,-0.043119796205612508,-0.042247569239608304,-0.041362157918066855,-0.040571901540752964,-0.039654590272499082,-0.038724521457640014,-0.037781671176617494,-0.036826079114647178,-0.035966216057157538,-0.034982456614155027,-0.033987058494068752,-0.032980282734828129,-0.031962457486839367,-0.030933978819604236,-0.029895311382386384,-0.028846988924967721,-0.027789614685346315,-0.026723861651994456,-0.025650472709006351,-0.024570260673124435,-0.023484108232238909,-0.022392967795510275,-0.021297861265769841,-0.020199879745314619,0,0,0,0,0,0,0,0,0,0,0,0,0,0,0,0,0,0,0,0,0,0,0,0,0,0,0,0,0,0,0,0,0,0,0,0,0,0,0,0,0,0,0,0,0,0,0,0,0,0,0,0,0,0,0,0,0,0,0,0,0,0,0,0,0,0,0,0,0],